observation,value
1,0.50979260259883
2,-0.744589105874303
3,0.637749739109649
4,0.541370777975146
5,-0.876348026146075
6,-1.71552951739331
7,0.78944377323455
8,-0.0955364172870455
9,-0.551655378089552
10,-0.0613308059638169
11,-0.139948417972359
12,-0.851190689051191
13,0.14659248311565
14,1.08346389794361
15,1.08023808642443
16,0.460316172482432
17,0.332231829193382
18,-0.253850567145581
19,0.132398063972959
20,-1.50757404016189
